Constituency,Party Abbreviation,Code,Party,Majority
North East Fife,SNP,S14000049,Scottish National Party,2
Perth and North Perthshire,SNP,S14000054,Scottish National Party,21
Kensington,Lab,E14000768,Labour,20
Dudley North,Ind,E14000671,Labour,22
Richmond Park,C,E14000896,Conservative,45
"Southampton, Itchen",C,E14000955,Conservative,31
Newcastle-under-Lyme,Lab,E14000834,Labour,30
Crewe and Nantwich,Lab,E14000653,Labour,48
Colne Valley,C,E14000645,Conservative,85
Glasgow South West,SNP,S14000035,Scottish National Party,60
Glasgow East,SNP,S14000030,Scottish National Party,75
Ceredigion,PC,W07000064,Plaid Cymru,104
Stirling,C,S14000057,Conservative,148
Canterbury,Lab,E14000619,Labour,187
Arfon,PC,W07000057,Plaid Cymru,92
Foyle,SF,N06000008,Sinn Fein,169
Barrow and Furness,Ind,E14000543,Labour,209
Keighley,Lab,E14000766,Labour,249
Airdrie and Shotts,SNP,S14000003,Scottish National Party,195
Rutherglen and Hamilton West,Lab,S14000056,Labour,265
Lanark and Hamilton East,SNP,S14000042,Scottish National Party,266
Kirkcaldy and Cowdenbeath,Lab,S14000041,Labour,259
St Ives,C,E14000964,Conservative,312
Pudsey,C,E14000886,Conservative,331
Hastings and Rye,Ind,E14000735,Conservative,346
Chipping Barnet,C,E14000636,Conservative,353
Thurrock,C,E14000995,Conservative,345
Preseli Pembrokeshire,C,W07000065,Conservative,314
Motherwell and Wishaw,SNP,S14000047,Scottish National Party,318
Glasgow North East,Lab,S14000032,Labour,242
Ashfield,Lab,E14000535,Labour,441
Inverclyde,SNP,S14000038,Scottish National Party,384
Calder Valley,C,E14000614,Conservative,609
Stroud,Lab,E14000980,Labour,687
Norwich North,C,E14000863,Conservative,507
Bishop Auckland,Lab,E14000569,Labour,502
Peterborough,Lab,E14000878,Labour,607
Oxford West and Abingdon,LD,E14000874,Lib Dem,816
Westmorland and Lonsdale,LD,E14001037,Lib Dem,777
Broxtowe,Change,E14000607,Conservative,863
Stoke-on-Trent South,C,E14000974,Conservative,663
Telford,C,E14000989,Conservative,720
Ipswich,Lab,E14000761,Labour,831
Bedford,Lab,E14000552,Labour,789
Fermanagh and South Tyrone,SF,N06000007,Sinn Fein,875
Stockton South,Lab,E14000971,Labour,888
Dunfermline and West Fife,SNP,S14000017,Scottish National Party,844
Bolton West,C,E14000580,Conservative,936
Midlothian,Lab,S14000045,Labour,885
Aberconwy,Ind,W07000058,Conservative,635
Northampton North,C,E14000861,Conservative,807
Hendon,C,E14000741,Conservative,1072
Mansfield,C,E14000810,Conservative,1057
Middlesbrough South and East Cleveland,C,E14000820,Conservative,1020
Edinburgh South West,SNP,S14000025,Scottish National Party,1097
Warwick and Leamington,Lab,E14001019,Labour,1206
Penistone and Stocksbridge,LD,E14000876,Labour,1322
Milton Keynes South,C,E14000822,Conservative,1725
Carshalton and Wallington,LD,E14000621,Lib Dem,1369
Argyll and Bute,SNP,S14000005,Scottish National Party,1328
Eastbourne,Ind,E14000684,Lib Dem,1609
Central Ayrshire,SNP,S14000010,Scottish National Party,1267
Northampton South,C,E14000862,Conservative,1159
Pendle,C,E14000875,Conservative,1279
Edinburgh North and Leith,SNP,S14000023,Scottish National Party,1625
Milton Keynes North,C,E14000821,Conservative,1915
Morecambe and Lunesdale,C,E14000825,Conservative,1399
North Down,Ind,N06000013,Independent,1208
Lincoln,Lab,E14000792,Labour,1538
Finchley and Golders Green,C,E14000703,Conservative,1657
Glasgow North,SNP,S14000031,Scottish National Party,1060
Camborne and Redruth,C,E14000616,Conservative,1577
Putney,Ind,E14000887,Conservative,1554
Harrow East,C,E14000731,Conservative,1757
Portsmouth South,Lab,E14000884,Labour,1554
"Coatbridge, Chryston and Bellshill",Lab,S14000011,Labour,1586
Watford,Ind,E14001021,Conservative,2092
"Sheffield, Hallam",Ind,E14000922,Labour,2175
Copeland,C,E14000647,Conservative,1695
Morley and Outwood,C,E14000826,Conservative,2104
Vale of Glamorgan,C,W07000078,Conservative,2190
Warrington South,Lab,E14001018,Labour,2549
Derby North,Ind,E14000662,Labour,2015
High Peak,Lab,E14000748,Labour,2322
Battersea,Lab,E14000549,Labour,2416
Corby,C,E14000648,Conservative,2690
Cheltenham,C,E14000630,Conservative,2569
Belfast North,DUP,N06000002,Democratic Unionist Party,2081
Glasgow South,SNP,S14000034,Scottish National Party,2027
Belfast South,DUP,N06000003,Democratic Unionist Party,1996
Wakefield,Lab,E14001009,Labour,2176
South Down,SF,N06000015,Sinn Fein,2446
South Swindon,C,E14000947,Conservative,2464
Worcester,C,E14001052,Conservative,2490
Gordon,C,S14000037,Conservative,2607
Crawley,C,E14000652,Conservative,2457
Blackpool North and Cleveleys,C,E14000572,Conservative,2023
Wolverhampton South West,Lab,E14001051,Labour,2175
Chingford and Woodford Green,C,E14000634,Conservative,2438
West Dunbartonshire,SNP,S14000059,Scottish National Party,2288
Linlithgow and East Falkirk,SNP,S14000043,Scottish National Party,2919
Wrexham,Lab,W07000044,Labour,1832
East Lothian,Lab,S14000020,Labour,3083
Reading West,C,E14000890,Conservative,2876
Paisley and Renfrewshire North,SNP,S14000052,Scottish National Party,2613
Stoke-on-Trent North,Lab,E14000973,Labour,2359
Edinburgh West,LD,S14000026,Lib Dem,2988
North East Derbyshire,C,E14000843,Conservative,2861
Dewsbury,Lab,E14000666,Labour,3321
"Ayr, Carrick and Cumnock",C,S14000006,Conservative,2774
Carlisle,C,E14000620,Conservative,2599
Southport,C,E14000958,Conservative,2914
Paisley and Renfrewshire South,SNP,S14000053,Scottish National Party,2541
Vale of Clwyd,Lab,W07000060,Labour,2379
Ochil and South Perthshire,C,S14000050,Conservative,3359
Glasgow Central,SNP,S14000029,Scottish National Party,2267
Rossendale and Darwen,C,E14000902,Conservative,3216
Angus,C,S14000004,Conservative,2644
Glasgow North West,SNP,S14000033,Scottish National Party,2561
"Caithness, Sutherland and Easter Ross",LD,S14000009,Lib Dem,2044
Kingston and Surbiton,LD,E14000770,Lib Dem,4124
Truro and Falmouth,C,E14001003,Conservative,3792
North Norfolk,LD,E14000848,Lib Dem,3512
Reading East,Lab,E14000889,Labour,3749
Na h-Eileanan an Iar,SNP,S14000027,Scottish National Party,1007
Scarborough and Whitby,C,E14000913,Conservative,3435
Walsall North,C,E14001011,Conservative,2601
Stevenage,C,E14000968,Conservative,3384
"East Kilbride, Strathaven and Lesmahagow",SNP,S14000019,Scottish National Party,3866
Gower,Lab,W07000046,Labour,3269
Blackpool South,Lab,E14000573,Labour,2523
Great Grimsby,Lab,E14000716,Labour,2565
Darlington,Lab,E14000658,Labour,3280
Carmarthen West and South Pembrokeshire,C,W07000066,Conservative,3110
Livingston,SNP,S14000044,Scottish National Party,3878
South Antrim,DUP,N06000014,Democratic Unionist Party,3208
North Ayrshire and Arran,SNP,S14000048,Scottish National Party,3633
Weaver Vale,Lab,E14001024,Labour,3928
North Devon,C,E14000838,Conservative,4332
Rother Valley,Lab,E14000903,Labour,3882
Edinburgh East,SNP,S14000022,Scottish National Party,3425
Loughborough,C,E14000797,Conservative,4269
Cardiff North,Lab,W07000051,Labour,4174
Glenrothes,SNP,S14000036,Scottish National Party,3267
Cities of London and Westminster,C,E14000639,Conservative,3148
Filton and Bradley Stoke,C,E14000702,Conservative,4182
Cheadle,C,E14000627,Conservative,4507
Bolton North East,Lab,E14000578,Labour,3797
Clwyd West,C,W07000059,Conservative,3437
Scunthorpe,Lab,E14000914,Labour,3431
Moray,C,S14000046,Conservative,4159
East Renfrewshire,C,S14000021,Conservative,4712
Shipley,C,E14000925,Conservative,4681
Bristol North West,Lab,E14000600,Labour,4761
Banff and Buchan,C,S14000007,Conservative,3693
"Enfield, Southgate",Lab,E14000692,Labour,4355
Gedling,Lab,E14000710,Labour,4694
Erewash,C,E14000695,Conservative,4534
Bury North,Lab,E14000611,Labour,4375
Leeds North West,Lab,E14000780,Labour,4224
Falkirk,SNP,S14000028,Scottish National Party,4923
Bassetlaw,Lab,E14000546,Labour,4852
"Inverness, Nairn, Badenoch and Strathspey",SNP,S14000039,Scottish National Party,4924
Workington,Lab,E14001053,Labour,3925
Carmarthen East and Dinefwr,PC,W07000067,Plaid Cymru,3908
East Worthing and Shoreham,C,E14000682,Conservative,5106
"Cumbernauld, Kilsyth and Kirkintilloch East",SNP,S14000012,Scottish National Party,4264
Sherwood,C,E14000924,Conservative,5198
Croydon Central,Lab,E14000654,Labour,5652
Dagenham and Rainham,Lab,E14000657,Labour,4652
Lewes,C,E14000786,Conservative,5508
Gloucester,C,E14000712,Conservative,5520
Nuneaton,C,E14000868,Conservative,4739
East Dunbartonshire,LD,S14000018,Lib Dem,5339
"Birmingham, Northfield",Lab,E14000565,Labour,4667
Colchester,C,E14000644,Conservative,5677
Wells,C,E14001026,Conservative,6582
Aberdeen South,C,S14000002,Conservative,4752
St Albans,C,E14000960,Conservative,6109
Delyn,Lab,W07000042,Labour,4240
Uxbridge and South Ruislip,C,E14001007,Conservative,5034
Bridgend,Lab,W07000073,Labour,4700
Wimbledon,C,E14001040,Conservative,5622
Dumfries and Galloway,C,S14000013,Conservative,5643
"Plymouth, Moor View",C,E14000879,Conservative,5019
Halifax,Lab,E14000723,Labour,5376
Don Valley,Lab,E14000667,Labour,5169
Aberdeen North,SNP,S14000001,Scottish National Party,4139
Bolsover,Lab,E14000577,Labour,5288
Shrewsbury and Atcham,C,E14000926,Conservative,6627
Bath,LD,E14000547,Lib Dem,5694
Clwyd South,Lab,W07000062,Labour,4356
Bury South,Ind,E14000612,Labour,5965
Alyn and Deeside,Lab,W07000043,Labour,5235
Rochford and Southend East,C,E14000899,Conservative,5548
Stoke-on-Trent Central,Lab,E14000972,Labour,3897
Halesowen and Rowley Regis,C,E14000722,Conservative,5253
Altrincham and Sale West,C,E14000532,Conservative,6426
Wirral West,Lab,E14001044,Labour,5365
Wycombe,C,E14001056,Conservative,6578
West Bromwich West,Lab,E14001030,Labour,4460
Dover,C,E14000670,Conservative,6437
Hazel Grove,C,E14000738,Conservative,5514
Wolverhampton North East,Lab,E14001049,Labour,4587
Hyndburn,Lab,E14000758,Labour,5815
South Thanet,C,E14000948,Conservative,6387
Newport West,Lab,W07000056,Labour,5658
East Devon,C,E14000678,Conservative,8036
"Plymouth, Sutton and Devonport",Lab,E14000880,Labour,6002
Kilmarnock and Loudoun,SNP,S14000040,Scottish National Party,6269
Chorley,Lab,E14000637,Labour,7512
South Ribble,C,E14000943,Conservative,7421
Dundee West,SNP,S14000016,Scottish National Party,5262
Eltham,Lab,E14000690,Labour,6296
Rushcliffe,Ind,E14000908,Conservative,8010
Ynys MÃ´n,Lab,W07000041,Labour,5259
North Cornwall,C,E14000837,Conservative,7200
Welwyn Hatfield,C,E14001027,Conservative,7369
York Outer,C,E14001062,Conservative,8289
Lancaster and Fleetwood,Lab,E14000776,Labour,6661
Sedgefield,Lab,E14000915,Labour,6059
Twickenham,LD,E14001005,Lib Dem,9762
Stafford,C,E14000965,Conservative,7729
North Swindon,C,E14000851,Conservative,8335
Heywood and Middleton,Lab,E14000747,Labour,7617
"Ross, Skye and Lochaber",SNP,S14000055,Scottish National Party,5919
Kingswood,C,E14000774,Conservative,7500
West Aberdeenshire and Kincardine,C,S14000058,Conservative,7949
Dundee East,SNP,S14000015,Scottish National Party,6645
Upper Bann,DUP,N06000017,Democratic Unionist Party,7992
Harlow,C,E14000729,Conservative,7031
Burnley,Lab,E14000609,Labour,6353
Macclesfield,C,E14000802,Conservative,8608
"Birmingham, Edgbaston",Lab,E14000560,Labour,6917
Dwyfor Meirionnydd,PC,W07000061,Plaid Cymru,4850
Rugby,C,E14000905,Conservative,8212
Stourbridge,Ind,E14000976,Conservative,7654
Redditch,C,E14000892,Conservative,7363
Bradford South,Lab,E14000588,Labour,6700
Bournemouth East,C,E14000584,Conservative,7937
City of Chester,Lab,E14000640,Labour,9226
Elmet and Rothwell,C,E14000689,Conservative,9805
Monmouth,C,W07000054,Conservative,8206
Batley and Spen,Lab,E14000548,Labour,8961
Coventry South,Lab,E14000651,Labour,7947
Basingstoke,C,E14000545,Conservative,9466
Coventry North West,Lab,E14000650,Labour,8580
Bournemouth West,C,E14000585,Conservative,7711
Oldham East and Saddleworth,Lab,E14000870,Labour,8182
Waveney,C,E14001022,Conservative,9215
Winchester,Ind,E14001041,Conservative,9999
Cannock Chase,C,E14000618,Conservative,8391
North Warwickshire,C,E14000854,Conservative,8510
Great Yarmouth,C,E14000717,Conservative,7973
Hemel Hempstead,C,E14000739,Conservative,9445
Amber Valley,C,E14000533,Conservative,8300
Ilford North,Lab,E14000759,Labour,9639
Hartlepool,Lab,E14000733,Labour,7650
North West Durham,Lab,E14000856,Labour,8792
Worsley and Eccles South,Lab,E14001054,Labour,8379
Forest of Dean,C,E14000705,Conservative,9502
Wirral South,Lab,E14001043,Labour,8323
Croydon South,C,E14000656,Conservative,11406
Blyth Valley,Lab,E14000575,Labour,7915
Rochester and Strood,C,E14000898,Conservative,9850
North East Somerset,C,E14000846,Conservative,10235
Stalybridge and Hyde,Lab,E14000967,Labour,8084
Gravesham,C,E14000715,Conservative,9347
"Dumfriesshire, Clydesdale and Tweeddale",C,S14000014,Conservative,9441
Gillingham and Rainham,C,E14000711,Conservative,9430
The Wrekin,C,E14000992,Conservative,9564
Chelsea and Fulham,C,E14000629,Conservative,8188
Brecon and Radnorshire,LD,W07000068,Conservative,8038
"Birmingham, Erdington",Lab,E14000561,Labour,7285
Orkney and Shetland,LD,S14000051,Lib Dem,4563
West Bromwich East,Lab,E14001029,Labour,7713
Warrington North,Lab,E14001017,Labour,9582
Belfast East,DUP,N06000001,Democratic Unionist Party,8474
Brentford and Isleworth,Lab,E14000593,Labour,12182
Hexham,C,E14000746,Conservative,9236
Chesterfield,Lab,E14000632,Labour,9605
"Brighton, Kemptown",Lab,E14000597,Labour,9868
Bexleyheath and Crayford,C,E14000558,Conservative,9073
Burton,C,E14000610,Conservative,10047
Banbury,C,E14000539,Conservative,12399
Walsall South,Lab,E14001012,Labour,8892
Dudley South,C,E14000672,Conservative,7730
Leigh,Lab,E14000785,Labour,9554
Stockton North,Lab,E14000970,Labour,8715
Hitchin and Harpenden,C,E14000749,Conservative,12031
Weston-Super-Mare,C,E14001038,Conservative,11544
Tynemouth,Lab,E14001006,Labour,11666
Bromley and Chislehurst,C,E14000604,Conservative,9590
St Austell and Newquay,C,E14000961,Conservative,11142
Enfield North,Change,E14000691,Labour,10247
Portsmouth North,C,E14000883,Conservative,9965
"Berwickshire, Roxburgh and Selkirk",C,S14000008,Conservative,11060
Southend West,C,E14000957,Conservative,10000
Kettering,C,E14000769,Conservative,10562
Newcastle upon Tyne North,Lab,E14000833,Labour,10349
West Lancashire,Lab,E14001033,Labour,11689
East Londonderry,DUP,N06000006,Democratic Unionist Party,8842
Harborough,C,E14000728,Conservative,12429
Newport East,Lab,W07000055,Labour,8003
Cleethorpes,C,E14000643,Conservative,10400
Hemsworth,Lab,E14000740,Labour,10174
Sunderland Central,Lab,E14000982,Labour,9997
Bermondsey and Old Southwark,Lab,E14000553,Labour,12972
Worthing West,C,E14001055,Conservative,12090
North Thanet,C,E14000852,Conservative,10738
Redcar,Lab,E14000891,Labour,9485
Ellesmere Port and Neston,Lab,E14000688,Labour,11390
Congleton,C,E14000646,Conservative,12619
Erith and Thamesmead,Lab,E14000696,Labour,10014
South Dorset,C,E14000936,Conservative,11695
Cambridge,Lab,E14000617,Labour,12661
South Derbyshire,C,E14000935,Conservative,11970
Mid Derbyshire,C,E14000814,Conservative,11616
Kingston upon Hull West and Hessle,Lab,E14000773,Labour,8025
Wyre and Preston North,C,E14001057,Conservative,12246
Eddisbury,Ind,E14000686,Conservative,11942
Chatham and Aylesford,C,E14000626,Conservative,10458
Newry and Armagh,SF,N06000011,Sinn Fein,12489
Wellingborough,C,E14001025,Conservative,12460
Aldershot,C,E14000530,Conservative,11478
Wolverhampton South East,Lab,E14001050,Labour,8514
Doncaster Central,Lab,E14000668,Labour,10131
West Tyrone,SF,N06000018,Sinn Fein,10342
Thornbury and Yate,C,E14000994,Conservative,12071
Chelmsford,C,E14000628,Conservative,13572
Ribble Valley,C,E14000894,Conservative,13199
Huntingdon,C,E14000757,Conservative,14475
Staffordshire Moorlands,C,E14000966,Conservative,10830
Dartford,C,E14000659,Conservative,13186
South Basildon and East Thurrock,C,E14000933,Conservative,11490
Sutton and Cheam,C,E14000984,Conservative,12698
"Southampton, Test",Lab,E14000956,Labour,11503
Selby and Ainsty,C,E14000917,Conservative,13772
South Cambridgeshire,LD,E14000934,Conservative,15952
Wansbeck,Lab,E14001014,Labour,10435
Eastleigh,C,E14000685,Conservative,14179
Yeovil,C,E14001060,Conservative,14723
North West Leicestershire,C,E14000858,Conservative,13286
Derby South,Lab,E14000663,Labour,11248
Ealing Central and Acton,Lab,E14000674,Labour,13807
Aylesbury,C,E14000538,Conservative,14696
Taunton Deane,C,E14000988,Conservative,15887
Beverley and Holderness,C,E14000556,Conservative,14042
Fylde,C,E14000706,Conservative,11805
South West Bedfordshire,C,E14000949,Conservative,14168
"Brighton, Pavilion",Green,E14000598,Green,14689
City of Durham,Lab,E14000641,Labour,12364
South East Cambridgeshire,C,E14000937,Conservative,16158
Wyre Forest,C,E14001058,Conservative,13334
"Ruislip, Northwood and Pinner",C,E14000906,Conservative,13980
Tamworth,C,E14000986,Conservative,12347
Folkestone and Hythe,C,E14000704,Conservative,15411
Bristol East,Lab,E14000599,Labour,13394
Harrow West,Lab,E14000732,Labour,13314
Bridgwater and West Somerset,C,E14000595,Conservative,15448
Tooting,Lab,E14000998,Labour,15458
Westminster North,Lab,E14001036,Labour,11512
Montgomeryshire,C,W07000063,Conservative,9285
Hampstead and Kilburn,Lab,E14000727,Labour,15560
Torfaen,Lab,W07000053,Labour,10240
Spelthorne,C,E14000959,Conservative,13425
Totnes,LD,E14001001,Conservative,13477
Cardiff West,Lab,W07000079,Labour,12551
Sheffield South East,Lab,E14000920,Labour,11798
Central Devon,C,E14000623,Conservative,15680
South Norfolk,C,E14000941,Conservative,16678
Wantage,Ind,E14001015,Conservative,17380
Huddersfield,Lab,E14000756,Labour,12005
Brigg and Goole,C,E14000596,Conservative,12363
Suffolk Coastal,C,E14000981,Conservative,16012
Romford,C,E14000900,Conservative,13778
North Somerset,C,E14000850,Conservative,17103
Mid Ulster,SF,N06000010,Sinn Fein,12890
East Yorkshire,C,E14000683,Conservative,15006
Berwick-upon-Tweed,C,E14000554,Conservative,11781
Torbay,C,E14000999,Conservative,14283
Blaydon,Lab,E14000574,Labour,13477
Harwich and North Essex,C,E14000734,Conservative,14356
North West Cambridgeshire,C,E14000855,Conservative,18008
North West Norfolk,C,E14000859,Conservative,13788
Broadland,C,E14000603,Conservative,15816
Isle of Wight,C,E14000762,Conservative,21069
Kingston upon Hull East,Lab,E14000771,Labour,10396
Ashton-under-Lyne,Lab,E14000537,Labour,11295
Swansea West,Lab,W07000047,Labour,10598
Poole,C,E14000881,Conservative,14209
Bracknell,LD,E14000586,Conservative,16016
Pontypridd,Lab,W07000075,Labour,11448
Makerfield,Lab,E14000805,Labour,13542
Mid Norfolk,C,E14000816,Conservative,16086
Derbyshire Dales,C,E14000664,Conservative,14327
Sutton Coldfield,C,E14000985,Conservative,15339
Exeter,Lab,E14000698,Labour,16117
Nottingham North,Lab,E14000866,Labour,11160
Ashford,C,E14000536,Conservative,17478
Beckenham,C,E14000551,Conservative,15087
Caerphilly,Lab,W07000076,Labour,12078
Cardiff South and Penarth,Lab,W07000080,Labour,14864
Bristol South,Lab,E14000601,Labour,15987
North Shropshire,C,E14000849,Conservative,16355
"Normanton, Pontefract and Castleford",Lab,E14000836,Labour,14499
Leicester West,Lab,E14000784,Labour,11060
Feltham and Heston,Lab,E14000701,Labour,15703
Sittingbourne and Sheppey,C,E14000927,Conservative,15211
Rochdale,Lab,E14000897,Labour,14819
Bury St Edmunds,C,E14000613,Conservative,18441
Hereford and South Herefordshire,C,E14000743,Conservative,15013
Llanelli,Lab,W07000045,Labour,12024
Basildon and Billericay,C,E14000544,Conservative,13400
North Durham,Lab,E14000840,Labour,12939
Houghton and Sunderland South,Lab,E14000754,Labour,12441
South West Devon,C,E14000950,Conservative,15816
Haltemprice and Howden,C,E14000724,Conservative,15405
Sefton Central,Lab,E14000916,Labour,15618
Rotherham,Lab,E14000904,Labour,11387
Tatton,C,E14000987,Conservative,14787
Luton South,Ind,E14000801,Labour,13925
Brent North,Lab,E14000592,Labour,17061
Woking,C,E14001047,Conservative,16724
North East Hertfordshire,C,E14000845,Conservative,16835
Norwich South,Lab,E14000864,Labour,15596
Tunbridge Wells,Ind,E14001004,Conservative,16465
Central Suffolk and North Ipswich,C,E14000624,Conservative,17185
Slough,Lab,E14000930,Labour,16998
Bromsgrove,C,E14000605,Conservative,16573
Guildford,Ind,E14000719,Conservative,17040
Leeds East,Lab,E14000778,Labour,12752
Luton North,Lab,E14000800,Labour,14364
Bolton South East,Lab,E14000579,Labour,13126
"Birmingham, Selly Oak",Lab,E14000567,Labour,15207
"Sheffield, Heeley",Lab,E14000923,Labour,13828
Wokingham,C,E14001048,Conservative,18798
Nottingham South,Lab,E14000867,Labour,15162
Hornchurch and Upminster,C,E14000751,Conservative,17723
Islwyn,Lab,W07000077,Labour,11412
Hertford and Stortford,C,E14000744,Conservative,19035
Mid Dorset and North Poole,C,E14000815,Conservative,15339
Washington and Sunderland West,Lab,E14001020,Labour,12940
Mid Sussex,Ind,E14000817,Conservative,19673
Harrogate and Knaresborough,C,E14000730,Conservative,18168
West Dorset,Ind,E14001031,Conservative,19091
Leeds North East,Lab,E14000779,Labour,16991
Old Bexley and Sidcup,C,E14000869,Conservative,15466
South West Hertfordshire,Ind,E14000951,Conservative,19550
Edinburgh South,Lab,S14000024,Labour,15514
Hertsmere,C,E14000745,Conservative,16951
Barnsley East,Lab,E14000542,Labour,13221
North East Bedfordshire,Ind,E14000841,Conservative,20862
Salisbury,C,E14000912,Conservative,17333
Hove,Lab,E14000755,Labour,18757
Wythenshawe and Sale East,Lab,E14001059,Labour,14944
Bosworth,C,E14000583,Conservative,18351
South Suffolk,C,E14000946,Conservative,17749
Reigate,C,E14000893,Conservative,17614
South East Cornwall,C,E14000938,Conservative,17443
South Leicestershire,C,E14000940,Conservative,18631
West Suffolk,C,E14001034,Conservative,17063
Newark,C,E14000829,Conservative,18149
Neath,Lab,W07000069,Labour,12631
Gainsborough,C,E14000707,Conservative,17023
Doncaster North,Lab,E14000669,Labour,14024
Mid Bedfordshire,C,E14000813,Conservative,20983
Newton Abbot,C,E14000835,Conservative,17160
Broxbourne,C,E14000606,Conservative,15792
South West Wiltshire,C,E14000954,Conservative,18326
Coventry North East,Lab,E14000649,Labour,15580
Wentworth and Dearne,Lab,E14001028,Labour,14803
Wigan,Lab,E14001039,Labour,16027
Thirsk and Malton,C,E14000993,Conservative,19001
Bognor Regis and Littlehampton,C,E14000576,Conservative,17494
Penrith and The Border,Ind,E14000877,Conservative,15910
Maidstone and The Weald,C,E14000804,Conservative,17704
Tiverton and Honiton,C,E14000996,Conservative,19801
Skipton and Ripon,C,E14000928,Conservative,19985
Havant,C,E14000736,Conservative,15956
Epsom and Ewell,C,E14000694,Conservative,20475
Lichfield,C,E14000791,Conservative,18581
Gosport,C,E14000713,Conservative,17211
Torridge and West Devon,C,E14001000,Conservative,20686
Stockport,Change,E14000969,Labour,14477
Witney,C,E14001046,Conservative,21241
South West Norfolk,C,E14000952,Conservative,18312
Runnymede and Weybridge,Ind,E14000907,Conservative,18050
Stone,C,E14000975,Conservative,17495
York Central,Lab,E14001061,Labour,18575
Faversham and Mid Kent,C,E14000700,Conservative,17413
Meriden,C,E14000812,Conservative,19198
South Northamptonshire,C,E14000942,Conservative,22840
Braintree,C,E14000590,Conservative,18422
Kenilworth and Southam,C,E14000767,Conservative,18086
Charnwood,C,E14000625,Conservative,18681
Grantham and Stamford,Ind,E14000714,Conservative,20094
Denton and Reddish,Lab,E14000661,Labour,14077
Aldridge-Brownhills,C,E14000531,Conservative,14307
South Shields,Lab,E14000944,Labour,14508
Hammersmith,Lab,E14000726,Labour,18651
South West Surrey,C,E14000953,Conservative,21590
Romsey and Southampton North,Ind,E14000901,Conservative,18006
Epping Forest,C,E14000693,Conservative,18243
Somerton and Frome,C,E14000932,Conservative,22906
Solihull,C,E14000931,Conservative,20571
Clacton,C,E14000642,Conservative,15828
St Helens North,Lab,E14000962,Labour,18406
Blaenau Gwent,Lab,W07000072,Labour,11907
Vauxhall,Lab,E14001008,Labour,20250
North Tyneside,Lab,E14000853,Labour,19284
Louth and Horncastle,C,E14000798,Conservative,19641
"Birmingham, Yardley",Lab,E14000568,Labour,16574
Bexhill and Battle,C,E14000557,Conservative,22165
Ogmore,Lab,W07000074,Labour,13871
Swansea East,Lab,W07000048,Labour,13168
Ealing North,Lab,E14000675,Labour,19693
Chichester,C,E14000633,Conservative,22621
West Worcestershire,C,E14001035,Conservative,21328
Fareham,C,E14000699,Conservative,21555
Leeds West,Lab,E14000781,Labour,15965
Witham,C,E14001045,Conservative,18646
Horsham,C,E14000753,Conservative,23484
Hayes and Harlington,Lab,E14000737,Labour,18115
Oldham West and Royton,Lab,E14000871,Labour,17198
Chippenham,C,E14000635,Conservative,20031
Tewkesbury,C,E14000990,Conservative,22574
Sleaford and North Hykeham,C,E14000929,Conservative,25237
Kingston upon Hull North,Lab,E14000772,Labour,14262
Orpington,C,E14000872,Conservative,19453
North West Hampshire,C,E14000857,Conservative,22679
Ludlow,C,E14000799,Conservative,19286
Boston and Skegness,C,E14000582,Conservative,16572
Middlesbrough,Lab,E14000819,Labour,13873
Esher and Walton,C,E14000697,Conservative,23298
Greenwich and Woolwich,Lab,E14000718,Labour,20714
Henley,C,E14000742,Conservative,22294
Daventry,C,E14000660,Conservative,21734
Wealden,C,E14001023,Conservative,23628
Stretford and Urmston,Lab,E14000979,Labour,19705
Arundel and South Downs,C,E14000534,Conservative,23883
Barnsley Central,Lab,E14000541,Labour,15546
Stratford-on-Avon,C,E14000977,Conservative,20958
North East Cambridgeshire,C,E14000842,Conservative,21270
Newbury,Ind,E14000830,Conservative,24380
Chesham and Amersham,C,E14000631,Conservative,22140
Rutland and Melton,C,E14000909,Conservative,23104
Jarrow,Lab,E14000765,Labour,17263
Salford and Eccles,Lab,E14000911,Labour,19132
Newcastle upon Tyne Central,Lab,E14000831,Labour,14937
East Surrey,LD,E14000681,Conservative,23914
Richmond (Yorks),C,E14000895,Conservative,23108
Easington,Lab,E14000677,Labour,14892
Saffron Walden,C,E14000910,Conservative,24966
Warley,Lab,E14001016,Labour,16483
Gateshead,Lab,E14000709,Labour,17350
Tonbridge and Malling,C,E14000997,Conservative,23508
Windsor,C,E14001042,Conservative,22384
"Birmingham, Perry Barr",Lab,E14000566,Labour,18383
Cynon Valley,Lab,W07000070,Labour,13238
Rhondda,Lab,W07000052,Labour,13746
East Antrim,DUP,N06000005,Democratic Unionist Party,15923
Devizes,C,E14000665,Conservative,21136
Islington South and Finsbury,Lab,E14000764,Labour,20263
Castle Point,C,E14000622,Conservative,18872
Mid Worcestershire,C,E14000818,Conservative,23326
Rayleigh and Wickford,C,E14000888,Conservative,23450
Mole Valley,C,E14000824,Conservative,24137
North Antrim,DUP,N06000012,Democratic Unionist Party,20643
Cardiff Central,Lab,W07000050,Labour,17196
The Cotswolds,C,E14000991,Conservative,25499
Leicester East,Lab,E14000782,Labour,22428
Sevenoaks,C,E14000918,Conservative,21917
Lagan Valley,DUP,N06000009,Democratic Unionist Party,19229
New Forest East,C,E14000827,Conservative,21995
Blackburn,Lab,E14000570,Labour,20368
North Herefordshire,C,E14000847,Conservative,21602
Surrey Heath,C,E14000983,Conservative,24943
Oxford East,Lab,E14000873,Labour,23284
Lewisham West and Penge,Lab,E14000788,Labour,23162
Beaconsfield,Ind,E14000550,Conservative,24543
North Wiltshire,C,E14000860,Conservative,22877
Preston,Lab,E14000885,Labour,15723
Mitcham and Morden,Lab,E14000823,Labour,21375
South Staffordshire,C,E14000945,Conservative,22733
Lewisham East,Lab,E14000787,Labour,21213
Bradford East,Lab,E14000587,Labour,20540
Barking,Lab,E14000540,Labour,21608
Maidenhead,C,E14000803,Conservative,26457
Brentwood and Ongar,C,E14000594,Conservative,24002
"Sheffield, Brightside and Hillsborough",Lab,E14000921,Labour,19143
St Helens South and Whiston,Lab,E14000963,Labour,24343
Newcastle upon Tyne East,Lab,E14000832,Labour,19261
North Dorset,C,E14000839,Conservative,25777
East Hampshire,C,E14000680,Conservative,25852
Maldon,C,E14000806,Conservative,23430
Streatham,LD,E14000978,Labour,26285
New Forest West,C,E14000828,Conservative,23431
Strangford,DUP,N06000016,Democratic Unionist Party,18343
Meon Valley,C,E14000811,Conservative,25692
Poplar and Limehouse,Lab,E14000882,Labour,28112
Bradford West,Lab,E14000589,Labour,21902
North East Hampshire,C,E14000844,Conservative,27772
Wallasey,Lab,E14001010,Labour,23320
Edmonton,Lab,E14000687,Labour,21115
Merthyr Tydfil and Rhymney,Lab,W07000071,Labour,16334
Buckingham,Speaker,E14000608,Speaker,25725
Blackley and Broughton,Lab,E14000571,Labour,19601
"Ealing, Southall",Lab,E14000676,Labour,22090
Leyton and Wanstead,Lab,E14000790,Labour,22607
Hornsey and Wood Green,Lab,E14000752,Labour,30738
South Holland and The Deepings,C,E14000939,Conservative,24897
Christchurch,C,E14000638,Conservative,25171
Leeds Central,Lab,E14000777,Labour,23698
Nottingham East,Change,E14000865,Labour,19590
Dulwich and West Norwood,Lab,E14000673,Labour,28156
Aberavon,Lab,W07000049,Labour,16761
Halton,Lab,E14000725,Labour,25405
Holborn and St Pancras,Lab,E14000750,Labour,30509
Leicester South,Lab,E14000783,Labour,26261
Bristol West,Lab,E14000602,Labour,37336
Belfast West,SF,N06000004,Sinn Fein,21652
Brent Central,Lab,E14000591,Labour,27997
Croydon North,Lab,E14000655,Labour,32365
Ilford South,Change,E14000760,Labour,31647
"Manchester, Withington",Lab,E14000809,Labour,29875
Sheffield Central,Lab,E14000919,Labour,27748
Birkenhead,Ind,E14000559,Labour,25514
Bethnal Green and Bow,Lab,E14000555,Labour,35393
Garston and Halewood,Lab,E14000708,Labour,32149
Islington North,Lab,E14000763,Labour,33215
West Ham,Lab,E14001032,Labour,36754
Hackney North and Stoke Newington,Lab,E14000720,Labour,35139
"Birmingham, Hall Green",Lab,E14000562,Labour,33944
Manchester Central,Lab,E14000807,Labour,31445
"Lewisham, Deptford",Lab,E14000789,Labour,34899
Camberwell and Peckham,Lab,E14000615,Labour,37316
Walthamstow,Lab,E14001013,Labour,31924
"Birmingham, Hodge Hill",Lab,E14000563,Labour,31026
"Liverpool, Wavertree",LD,E14000795,Labour,29466
Hackney South and Shoreditch,Lab,E14000721,Labour,37931
"Manchester, Gorton",Lab,E14000808,Labour,31730
"Birmingham, Ladywood",Lab,E14000564,Labour,28714
Tottenham,Lab,E14001002,Labour,34584
East Ham,Lab,E14000679,Labour,39883
Bootle,Lab,E14000581,Labour,36200
"Liverpool, West Derby",Lab,E14000796,Labour,32908
"Liverpool, Riverside",Ind,E14000793,Labour,35947
Knowsley,Lab,E14000775,Labour,42214
"Liverpool, Walton",Lab,E14000794,Labour,32551